{
  "photos": [
    {
      "id": 660531,
      "sol": 2070,
      "camera": {
        "id": 20,
        "name": "FHAZ",
        "rover_id": 5,
        "full_name": "Front Hazard Avoidance Camera"
      },
      "img_src": "http://mars.jpl.nasa.gov/msl-raw-images/proj/msl/redops/ods/surface/sol/02070/opgs/edr/fcam/FLB_581260549EDR_F0701752FHAZ00341M_.JPG",
      "earth_date": "2018-06-02",
      "rover": {
        "id": 5,
        "name": "Curiosity",
        "landing_date": "2012-08-06",
        "launch_date": "2011-11-26",
        "status": "active",
        "max_sol": 2540,
        "max_date": "2019-09-28",
        "total_photos": 366206,
        "cameras": [
          {
            "name": "FHAZ",
            "full_name": "Front Hazard Avoidance Camera"
          },
          {
            "name": "NAVCAM",
            "full_name": "Navigation Camera"
          },
          {
            "name": "MAST",
            "full_name": "Mast Camera"
          },
          {
            "name": "CHEMCAM",
            "full_name": "Chemistry and Camera Complex"
          },
          {
            "name": "MAHLI",
            "full_name": "Mars Hand Lens Imager"
          },
          {
            "name": "MARDI",
            "full_name": "Mars Descent Imager"
          },
          {
            "name": "RHAZ",
            "full_name": "Rear Hazard Avoidance Camera"
          }
        ]
      }
    },
    {
      "id": 660532,
      "sol": 2070,
      "camera": {
        "id": 20,
        "name": "FHAZ",
        "rover_id": 5,
        "full_name": "Front Hazard Avoidance Camera"
      },
      "img_src": "http://mars.jpl.nasa.gov/msl-raw-images/proj/msl/redops/ods/surface/sol/02070/opgs/edr/fcam/FRB_581260549EDR_F0701752FHAZ00341M_.JPG",
      "earth_date": "2018-06-02",
      "rover": {
        "id": 5,
        "name": "Curiosity",
        "landing_date": "2012-08-06",
        "launch_date": "2011-11-26",
        "status": "active",
        "max_sol": 2540,
        "max_date": "2019-09-28",
        "total_photos": 366206,
        "cameras": [
          {
            "name": "FHAZ",
            "full_name": "Front Hazard Avoidance Camera"
          },
          {
            "name": "NAVCAM",
            "full_name": "Navigation Camera"
          },
          {
            "name": "MAST",
            "full_name": "Mast Camera"
          },
          {
            "name": "CHEMCAM",
            "full_name": "Chemistry and Camera Complex"
          },
          {
            "name": "MAHLI",
            "full_name": "Mars Hand Lens Imager"
          },
          {
            "name": "MARDI",
            "full_name": "Mars Descent Imager"
          },
          {
            "name": "RHAZ",
            "full_name": "Rear Hazard Avoidance Camera"
          }
        ]
      }
    },
    {
      "id": 660533,
      "sol": 2070,
      "camera": {
        "id": 21,
        "name": "RHAZ",
        "rover_id": 5,
        "full_name": "Rear Hazard Avoidance Camera"
      },
      "img_src": "http://mars.jpl.nasa.gov/msl-raw-images/proj/msl/redops/ods/surface/sol/02070/opgs/edr/rcam/RLB_581260590EDR_F0701752RHAZ00341M_.JPG",
      "earth_date": "2018-06-02",
      "rover": {
        "id": 5,
        "name": "Curiosity",
        "landing_date": "2012-08-06",
        "launch_date": "2011-11-26",
        "status": "active",
        "max_sol": 2540,
        "max_date": "2019-09-28",
        "total_photos": 366206,
        "cameras": [
          {
            "name": "FHAZ",
            "full_name": "Front Hazard Avoidance Camera"
          },
          {
            "name": "NAVCAM",
            "full_name": "Navigation Camera"
          },
          {
            "name": "MAST",
            "full_name": "Mast Camera"
          },
          {
            "name": "CHEMCAM",
            "full_name": "Chemistry and Camera Complex"
          },
          {
            "name": "MAHLI",
            "full_name": "Mars Hand Lens Imager"
          },
          {
            "name": "MARDI",
            "full_name": "Mars Descent Imager"
          },
          {
            "name": "RHAZ",
            "full_name": "Rear Hazard Avoidance Camera"
          }
        ]
      }
    },
    {
      "id": 660534,
      "sol": 2070,
      "camera": {
        "id": 21,
        "name": "RHAZ",
        "rover_id": 5,
        "full_name": "Rear Hazard Avoidance Camera"
      },
      "img_src": "http://mars.jpl.nasa.gov/msl-raw-images/proj/msl/redops/ods/surface/sol/02070/opgs/edr/rcam/RRB_581260590EDR_F0701752RHAZ00341M_.JPG",
      "earth_date": "2018-06-02",
      "rover": {
        "id": 5,
        "name": "Curiosity",
        "landing_date": "2012-08-06",
        "launch_date": "2011-11-26",
        "status": "active",
        "max_sol": 2540,
        "max_date": "2019-09-28",
        "total_photos": 366206,
        "cameras": [
          {
            "name": "FHAZ",
            "full_name": "Front Hazard Avoidance Camera"
          },
          {
            "name": "NAVCAM",
            "full_name": "Navigation Camera"
          },
          {
            "name": "MAST",
            "full_name": "Mast Camera"
          },
          {
            "name": "CHEMCAM",
            "full_name": "Chemistry and Camera Complex"
          },
          {
            "name": "MAHLI",
            "full_name": "Mars Hand Lens Imager"
          },
          {
            "name": "MARDI",
            "full_name": "Mars Descent Imager"
          },
          {
            "name": "RHAZ",
            "full_name": "Rear Hazard Avoidance Camera"
          }
        ]
      }
    },
    {
      "id": 660535,
      "sol": 2070,
      "camera": {
        "id": 23,
        "name": "CHEMCAM",
        "rover_id": 5,
        "full_name": "Chemistry and Camera Complex"
      },
      "img_src": "http://mars.jpl.nasa.gov/msl-raw-images/proj/msl/redops/ods/surface/sol/02070/opgs/edr/ccam/CR0_581261548EDR_F0701752CCAM02070M_.JPG",
      "earth_date": "2018-06-02",
      "rover": {
        "id": 5,
        "name": "Curiosity",
        "landing_date": "2012-08-06",
        "launch_date": "2011-11-26",
        "status": "active",
        "max_sol": 2540,
        "max_date": "2019-09-28",
        "total_photos": 366206,
        "cameras": [
          {
            "name": "FHAZ",
            "full_name": "Front Hazard Avoidance Camera"
          },
          {
            "name": "NAVCAM",
            "full_name": "Navigation Camera"
          },
          {
            "name": "MAST",
            "full_name": "Mast Camera"
          },
          {
            "name": "CHEMCAM",
            "full_name": "Chemistry and Camera Complex"
          },
          {
            "name": "MAHLI",
            "full_name": "Mars Hand Lens Imager"
          },
          {
            "name": "MARDI",
            "full_name": "Mars Descent Imager"
          },
          {
            "name": "RHAZ",
            "full_name": "Rear Hazard Avoidance Camera"
          }
        ]
      }
    },
    {
      "id": 660536,
      "sol": 2070,
      "camera": {
        "id": 23,
        "name": "CHEMCAM",
        "rover_id": 5,
        "full_name": "Chemistry and Camera Complex"
      },
      "img_src": "http://mars.jpl.nasa.gov/msl-raw-images/proj/msl/redops/ods/surface/sol/02070/opgs/edr/ccam/CR0_581261426EDR_F0701752CCAM01070M_.JPG",
      "earth_date": "2018-06-02",
      "rover": {
        "id": 5,
        "name": "Curiosity",
        "landing_date": "2012-08-06",
        "launch_date": "2011-11-26",
        "status": "active",
        "max_sol": 2540,
        "max_date": "2019-09-28",
        "total_photos": 366206,
        "cameras": [
          {
            "name": "FHAZ",
            "full_name": "Front Hazard Avoidance Camera"
          },
          {
            "name": "NAVCAM",
            "full_name": "Navigation Camera"
          },
          {
            "name": "MAST",
            "full_name": "Mast Camera"
          },
          {
            "name": "CHEMCAM",
            "full_name": "Chemistry and Camera Complex"
          },
          {
            "name": "MAHLI",
            "full_name": "Mars Hand Lens Imager"
          },
          {
            "name": "MARDI",
            "full_name": "Mars Descent Imager"
          },
          {
            "name": "RHAZ",
            "full_name": "Rear Hazard Avoidance Camera"
          }
        ]
      }
    },
    {
      "id": 660537,
      "sol": 2070,
      "camera": {
        "id": 23,
        "name": "CHEMCAM",
        "rover_id": 5,
        "full_name": "Chemistry and Camera Complex"
      },
      "img_src": "http://mars.jpl.nasa.gov/msl-raw-images/proj/msl/redops/ods/surface/sol/02070/opgs/edr/ccam/CR0_581260872EDR_F0701752CCAM01070M_.JPG",
      "earth_date": "2018-06-02",
      "rover": {
        "id": 5,
        "name": "Curiosity",
        "landing_date": "2012-08-06",
        "launch_date": "2011-11-26",
        "status": "active",
        "max_sol": 2540,
        "max_date": "2019-09-28",
        "total_photos": 366206,
        "cameras": [
          {
            "name": "FHAZ",
            "full_name": "Front Hazard Avoidance Camera"
          },
          {
            "name": "NAVCAM",
            "full_name": "Navigation Camera"
          },
          {
            "name": "MAST",
            "full_name": "Mast Camera"
          },
          {
            "name": "CHEMCAM",
            "full_name": "Chemistry and Camera Complex"
          },
          {
            "name": "MAHLI",
            "full_name": "Mars Hand Lens Imager"
          },
          {
            "name": "MARDI",
            "full_name": "Mars Descent Imager"
          },
          {
            "name": "RHAZ",
            "full_name": "Rear Hazard Avoidance Camera"
          }
        ]
      }
    },
    {
      "id": 660538,
      "sol": 2070,
      "camera": {
        "id": 23,
        "name": "CHEMCAM",
        "rover_id": 5,
        "full_name": "Chemistry and Camera Complex"
      },
      "img_src": "http://mars.jpl.nasa.gov/msl-raw-images/proj/msl/redops/ods/surface/sol/02070/soas/rdr/ccam/CR0_581261548PRC_F0701752CCAM02070L1.PNG",
      "earth_date": "2018-06-02",
      "rover": {
        "id": 5,
        "name": "Curiosity",
        "landing_date": "2012-08-06",
        "launch_date": "2011-11-26",
        "status": "active",
        "max_sol": 2540,
        "max_date": "2019-09-28",
        "total_photos": 366206,
        "cameras": [
          {
            "name": "FHAZ",
            "full_name": "Front Hazard Avoidance Camera"
          },
          {
            "name": "NAVCAM",
            "full_name": "Navigation Camera"
          },
          {
            "name": "MAST",
            "full_name": "Mast Camera"
          },
          {
            "name": "CHEMCAM",
            "full_name": "Chemistry and Camera Complex"
          },
          {
            "name": "MAHLI",
            "full_name": "Mars Hand Lens Imager"
          },
          {
            "name": "MARDI",
            "full_name": "Mars Descent Imager"
          },
          {
            "name": "RHAZ",
            "full_name": "Rear Hazard Avoidance Camera"
          }
        ]
      }
    },
    {
      "id": 660539,
      "sol": 2070,
      "camera": {
        "id": 23,
        "name": "CHEMCAM",
        "rover_id": 5,
        "full_name": "Chemistry and Camera Complex"
      },
      "img_src": "http://mars.jpl.nasa.gov/msl-raw-images/proj/msl/redops/ods/surface/sol/02070/soas/rdr/ccam/CR0_581261426PRC_F0701752CCAM01070L1.PNG",
      "earth_date": "2018-06-02",
      "rover": {
        "id": 5,
        "name": "Curiosity",
        "landing_date": "2012-08-06",
        "launch_date": "2011-11-26",
        "status": "active",
        "max_sol": 2540,
        "max_date": "2019-09-28",
        "total_photos": 366206,
        "cameras": [
          {
            "name": "FHAZ",
            "full_name": "Front Hazard Avoidance Camera"
          },
          {
            "name": "NAVCAM",
            "full_name": "Navigation Camera"
          },
          {
            "name": "MAST",
            "full_name": "Mast Camera"
          },
          {
            "name": "CHEMCAM",
            "full_name": "Chemistry and Camera Complex"
          },
          {
            "name": "MAHLI",
            "full_name": "Mars Hand Lens Imager"
          },
          {
            "name": "MARDI",
            "full_name": "Mars Descent Imager"
          },
          {
            "name": "RHAZ",
            "full_name": "Rear Hazard Avoidance Camera"
          }
        ]
      }
    },
    {
      "id": 660540,
      "sol": 2070,
      "camera": {
        "id": 23,
        "name": "CHEMCAM",
        "rover_id": 5,
        "full_name": "Chemistry and Camera Complex"
      },
      "img_src": "http://mars.jpl.nasa.gov/msl-raw-images/proj/msl/redops/ods/surface/sol/02070/soas/rdr/ccam/CR0_581260872PRC_F0701752CCAM01070L1.PNG",
      "earth_date": "2018-06-02",
      "rover": {
        "id": 5,
        "name": "Curiosity",
        "landing_date": "2012-08-06",
        "launch_date": "2011-11-26",
        "status": "active",
        "max_sol": 2540,
        "max_date": "2019-09-28",
        "total_photos": 366206,
        "cameras": [
          {
            "name": "FHAZ",
            "full_name": "Front Hazard Avoidance Camera"
          },
          {
            "name": "NAVCAM",
            "full_name": "Navigation Camera"
          },
          {
            "name": "MAST",
            "full_name": "Mast Camera"
          },
          {
            "name": "CHEMCAM",
            "full_name": "Chemistry and Camera Complex"
          },
          {
            "name": "MAHLI",
            "full_name": "Mars Hand Lens Imager"
          },
          {
            "name": "MARDI",
            "full_name": "Mars Descent Imager"
          },
          {
            "name": "RHAZ",
            "full_name": "Rear Hazard Avoidance Camera"
          }
        ]
      }
    }
  ]
}
